Date,Unemployment_Rate,^GSPC,^IXIC,^DJI,Interest_Rate
1948-01-31,3.4,14.68,,,
1948-02-29,3.8,13.93,,,
1948-03-31,4.0,15.08,,,
1948-04-30,3.9,15.48,,,
1948-05-31,3.5,16.69,,,
1948-06-30,3.6,16.74,,,
1948-07-31,3.6,15.85,,,
1948-08-31,3.9,15.97,,,
1948-09-30,3.8,15.49,,,
1948-10-31,3.7,16.5,,,
1948-11-30,3.8,14.75,,,
1948-12-31,4.0,15.2,,,
1949-01-31,4.3,15.22,,,
1949-02-28,4.7,14.62,,,
1949-03-31,5.0,15.06,,,
1949-04-30,5.3,14.71,,,
1949-05-31,6.1,14.19,,,
1949-06-30,6.2,14.16,,,
1949-07-31,6.7,15.04,,,
1949-08-31,6.8,15.22,,,
1949-09-30,6.6,15.58,,,
1949-10-31,7.9,16.04,,,
1949-11-30,6.4,16.06,,,
1949-12-31,6.6,16.79,,,
1950-01-31,6.5,17.05,,,
1950-02-28,6.4,17.22,,,
1950-03-31,6.3,17.29,,,
1950-04-30,5.8,17.96,,,
1950-05-31,5.5,18.78,,,
1950-06-30,5.4,17.69,,,
1950-07-31,5.0,17.84,,,
1950-08-31,4.5,18.42,,,
1950-09-30,4.4,19.45,,,
1950-10-31,4.2,19.53,,,
1950-11-30,4.2,19.51,,,
1950-12-31,4.3,20.43,,,
1951-01-31,3.7,21.66,,,
1951-02-28,3.4,21.8,,,
1951-03-31,3.4,21.48,,,
1951-04-30,3.1,22.43,,,
1951-05-31,3.0,21.52,,,
1951-06-30,3.2,20.96,,,
1951-07-31,3.1,22.4,,,
1951-08-31,3.1,23.28,,,
1951-09-30,3.3,23.26,,,
1951-10-31,3.5,22.94,,,
1951-11-30,3.5,22.88,,,
1951-12-31,3.1,23.77,,,
1952-01-31,3.2,24.14,,,
1952-02-29,3.1,23.26,,,
1952-03-31,2.9,24.37,,,
1952-04-30,2.9,23.32,,,
1952-05-31,3.0,23.86,,,
1952-06-30,3.0,24.96,,,
1952-07-31,3.2,25.4,,,
1952-08-31,3.4,25.03,,,
1952-09-30,3.1,24.54,,,
1952-10-31,3.0,24.52,,,
1952-11-30,2.8,25.66,,,
1952-12-31,2.7,26.57,,,
1953-01-31,2.9,26.38,,,
1953-02-28,2.6,25.9,,,
1953-03-31,2.6,25.29,,,
1953-04-30,2.7,24.62,,,
1953-05-31,2.5,24.54,,,
1953-06-30,2.5,24.14,,,
1953-07-31,2.6,24.75,,,
1953-08-31,2.7,23.32,,,
1953-09-30,2.9,23.35,,,
1953-10-31,3.1,24.54,,,
1953-11-30,3.5,24.76,,,
1953-12-31,4.5,24.81,,,
1954-01-31,4.9,26.08,,,
1954-02-28,5.2,26.15,,,
1954-03-31,5.7,26.94,,,
1954-04-30,5.9,28.26,,,
1954-05-31,5.9,29.19,,,
1954-06-30,5.6,29.21,,,
1954-07-31,5.8,30.88,,,0.8
1954-08-31,6.0,29.83,,,1.22
1954-09-30,6.1,32.31,,,1.07
1954-10-31,5.7,31.68,,,0.85
1954-11-30,5.3,34.24,,,0.83
1954-12-31,5.0,35.98,,,1.28
1955-01-31,4.9,36.63,,,1.39
1955-02-28,4.7,36.76,,,1.29
1955-03-31,4.6,36.58,,,1.35
1955-04-30,4.7,37.96,,,1.43
1955-05-31,4.3,37.91,,,1.43
1955-06-30,4.2,41.03,,,1.64
1955-07-31,4.0,43.52,,,1.68
1955-08-31,4.2,43.18,,,1.96
1955-09-30,4.1,43.67,,,2.18
1955-10-31,4.3,42.34,,,2.24
1955-11-30,4.2,45.51,,,2.35
1955-12-31,4.2,45.48,,,2.48
1956-01-31,4.0,43.82,,,2.45
1956-02-29,3.9,45.34,,,2.5
1956-03-31,4.2,48.48,,,2.5
1956-04-30,4.0,48.38,,,2.62
1956-05-31,4.3,45.2,,,2.75
1956-06-30,4.3,46.97,,,2.71
1956-07-31,4.4,49.39,,,2.75
1956-08-31,4.1,47.51,,,2.73
1956-09-30,3.9,45.35,,,2.95
1956-10-31,3.9,45.58,,,2.96
1956-11-30,4.3,45.08,,,2.88
1956-12-31,4.2,46.67,,,2.94
1957-01-31,4.2,44.72,,,2.84
1957-02-28,3.9,43.26,,,3.0
1957-03-31,3.7,44.11,,,2.96
1957-04-30,3.9,45.74,,,3.0
1957-05-31,4.1,47.43,,,3.0
1957-06-30,4.3,47.37,,,3.0
1957-07-31,4.2,47.91,,,2.99
1957-08-31,4.1,45.22,,,3.24
1957-09-30,4.4,42.42,,,3.47
1957-10-31,4.5,41.06,,,3.5
1957-11-30,5.1,41.72,,,3.28
1957-12-31,5.2,39.99,,,2.98
1958-01-31,5.8,41.7,,,2.72
1958-02-28,6.4,40.84,,,1.67
1958-03-31,6.7,42.1,,,1.2
1958-04-30,7.4,43.44,,,1.26
1958-05-31,7.4,44.09,,,0.63
1958-06-30,7.3,45.24,,,0.93
1958-07-31,7.5,47.19,,,0.68
1958-08-31,7.4,47.75,,,1.53
1958-09-30,7.1,50.06,,,1.76
1958-10-31,6.7,51.33,,,1.8
1958-11-30,6.2,52.48,,,2.27
1958-12-31,6.2,55.21,,,2.42
1959-01-31,6.0,55.45,,,2.48
1959-02-28,5.9,55.41,,,2.43
1959-03-31,5.6,55.44,,,2.8
1959-04-30,5.2,57.59,,,2.96
1959-05-31,5.1,58.68,,,2.9
1959-06-30,5.0,58.47,,,3.39
1959-07-31,5.1,60.51,,,3.47
1959-08-31,5.2,59.6,,,3.5
1959-09-30,5.5,56.88,,,3.76
1959-10-31,5.7,57.52,,,3.98
1959-11-30,5.8,58.28,,,4.0
1959-12-31,5.3,59.89,,,3.99
1960-01-31,5.2,55.61,,,3.99
1960-02-29,4.8,56.12,,,3.97
1960-03-31,5.4,55.34,,,3.84
1960-04-30,5.2,54.37,,,3.92
1960-05-31,5.1,55.83,,,3.85
1960-06-30,5.4,56.92,,,3.32
1960-07-31,5.5,55.51,,,3.23
1960-08-31,5.6,56.96,,,2.98
1960-09-30,5.5,53.52,,,2.6
1960-10-31,6.1,53.39,,,2.47
1960-11-30,6.1,55.54,,,2.44
1960-12-31,6.6,58.11,,,1.98
1961-01-31,6.6,61.78,,,1.45
1961-02-28,6.9,63.44,,,2.54
1961-03-31,6.9,65.06,,,2.02
1961-04-30,7.0,65.31,,,1.49
1961-05-31,7.1,66.56,,,1.98
1961-06-30,6.9,64.64,,,1.73
1961-07-31,7.0,66.76,,,1.17
1961-08-31,6.6,68.07,,,2.0
1961-09-30,6.7,66.73,,,1.88
1961-10-31,6.5,68.62,,,2.26
1961-11-30,6.1,71.32,,,2.61
1961-12-31,6.0,71.55,,,2.33
1962-01-31,5.8,68.84,,,2.15
1962-02-28,5.5,69.96,,,2.37
1962-03-31,5.6,69.55,,,2.85
1962-04-30,5.6,65.24,,,2.78
1962-05-31,5.5,59.63,,,2.36
1962-06-30,5.5,54.75,,,2.68
1962-07-31,5.4,58.23,,,2.71
1962-08-31,5.7,59.12,,,2.93
1962-09-30,5.6,56.27,,,2.9
1962-10-31,5.4,56.52,,,2.9
1962-11-30,5.7,62.26,,,2.94
1962-12-31,5.5,63.1,,,2.93
1963-01-31,5.7,66.2,,,2.92
1963-02-28,5.9,64.29,,,3.0
1963-03-31,5.7,66.57,,,2.98
1963-04-30,5.7,69.8,,,2.9
1963-05-31,5.9,70.8,,,3.0
1963-06-30,5.6,69.37,,,2.99
1963-07-31,5.6,69.13,,,3.02
1963-08-31,5.4,72.5,,,3.49
1963-09-30,5.5,71.7,,,3.48
1963-10-31,5.5,74.01,,,3.5
1963-11-30,5.7,73.23,,,3.48
1963-12-31,5.5,75.02,,,3.38
1964-01-31,5.6,77.04,,,3.48
1964-02-29,5.4,77.8,,,3.48
1964-03-31,5.4,78.98,,,3.43
1964-04-30,5.3,79.46,,,3.47
1964-05-31,5.1,80.37,,,3.5
1964-06-30,5.2,81.69,,,3.5
1964-07-31,4.9,83.18,,,3.42
1964-08-31,5.0,81.83,,,3.5
1964-09-30,5.1,84.18,,,3.45
1964-10-31,5.1,84.86,,,3.36
1964-11-30,4.8,84.42,,,3.52
1964-12-31,5.0,84.75,,,3.85
1965-01-31,4.9,87.56,,,3.9
1965-02-28,5.1,87.43,,,3.98
1965-03-31,4.7,86.16,,,4.05
1965-04-30,4.8,89.11,,,4.09
1965-05-31,4.6,88.42,,,4.1
1965-06-30,4.6,84.12,,,4.05
1965-07-31,4.4,85.25,,,4.09
1965-08-31,4.4,87.17,,,4.12
1965-09-30,4.3,89.96,,,4.02
1965-10-31,4.2,92.42,,,4.08
1965-11-30,4.1,91.61,,,4.1
1965-12-31,4.0,92.43,,,4.32
1966-01-31,4.0,92.88,,,4.42
1966-02-28,3.8,91.22,,,4.6
1966-03-31,3.8,89.23,,,4.66
1966-04-30,3.8,91.06,,,4.67
1966-05-31,3.9,86.13,,,4.9
1966-06-30,3.8,84.74,,,5.17
1966-07-31,3.8,83.6,,,5.3
1966-08-31,3.8,77.1,,,5.53
1966-09-30,3.7,76.56,,,5.4
1966-10-31,3.7,80.2,,,5.53
1966-11-30,3.6,80.45,,,5.76
1966-12-31,3.8,80.33,,,5.4
1967-01-31,3.9,86.61,,,4.94
1967-02-28,3.8,86.78,,,5.0
1967-03-31,3.8,90.2,,,4.53
1967-04-30,3.8,94.01,,,4.05
1967-05-31,3.8,89.08,,,3.94
1967-06-30,3.9,90.64,,,3.98
1967-07-31,3.8,94.75,,,3.79
1967-08-31,3.8,93.64,,,3.9
1967-09-30,3.8,96.71,,,3.99
1967-10-31,4.0,93.3,,,3.88
1967-11-30,3.9,94.0,,,4.13
1967-12-31,3.8,96.47,,,4.51
1968-01-31,3.7,92.24,,,4.61
1968-02-29,3.8,89.36,,,4.71
1968-03-31,3.7,90.2,,,5.05
1968-04-30,3.5,97.46,,,5.76
1968-05-31,3.5,98.68,,,6.12
1968-06-30,3.7,99.58,,,6.07
1968-07-31,3.7,97.74,,,6.03
1968-08-31,3.5,98.86,,,6.03
1968-09-30,3.4,102.67,,,5.78
1968-10-31,3.4,103.41,,,5.91
1968-11-30,3.4,108.37,,,5.82
1968-12-31,3.4,103.86,,,6.02
1969-01-31,3.4,103.01,,,6.3
1969-02-28,3.4,98.13,,,6.61
1969-03-31,3.4,101.51,,,6.79
1969-04-30,3.4,103.69,,,7.41
1969-05-31,3.4,103.46,,,8.67
1969-06-30,3.5,97.71,,,8.9
1969-07-31,3.5,91.83,,,8.61
1969-08-31,3.5,95.51,,,9.19
1969-09-30,3.7,93.12,,,9.15
1969-10-31,3.7,97.12,,,9.0
1969-11-30,3.5,93.81,,,8.85
1969-12-31,3.5,92.06,,,8.97
1970-01-31,3.9,85.02,,,8.98
1970-02-28,4.2,89.5,,,8.98
1970-03-31,4.4,89.63,,,7.76
1970-04-30,4.6,81.52,,,8.1
1970-05-31,4.8,76.55,,,7.95
1970-06-30,4.9,72.72,,,7.61
1970-07-31,5.0,78.05,,,7.21
1970-08-31,5.1,81.52,,,6.62
1970-09-30,5.4,84.3,,,6.29
1970-10-31,5.5,83.25,,,6.2
1970-11-30,5.9,87.2,,,5.6
1970-12-31,6.1,92.15,,,4.9
1971-01-31,5.9,95.88,,,4.14
1971-02-28,5.9,96.75,101.34,,3.72
1971-03-31,6.0,100.31,105.97,,3.71
1971-04-30,5.9,103.95,112.3,,4.16
1971-05-31,5.9,99.63,108.25,,4.63
1971-06-30,5.9,98.7,107.8,,4.91
1971-07-31,6.0,95.58,105.27,,5.31
1971-08-31,6.1,99.03,108.42,,5.57
1971-09-30,6.0,98.34,109.03,,5.55
1971-10-31,5.8,94.23,105.1,,5.2
1971-11-30,6.0,93.99,103.97,,4.91
1971-12-31,6.0,102.09,114.12,,4.14
1972-01-31,5.8,103.94,118.87,,3.51
1972-02-29,5.7,106.57,125.38,,3.3
1972-03-31,5.8,107.2,128.14,,3.83
1972-04-30,5.7,107.67,131.33,,4.17
1972-05-31,5.7,109.53,132.53,,4.27
1972-06-30,5.7,107.14,130.08,,4.46
1972-07-31,5.6,107.39,127.75,,4.55
1972-08-31,5.6,111.09,129.95,,4.81
1972-09-30,5.5,110.55,129.61,,4.87
1972-10-31,5.6,111.58,130.24,,5.05
1972-11-30,5.3,116.67,132.96,,5.06
1972-12-31,5.2,118.05,133.73,,5.33
1973-01-31,4.9,116.03,128.4,,5.94
1973-02-28,5.0,111.68,120.41,,6.58
1973-03-31,4.9,111.52,117.46,,7.09
1973-04-30,5.0,106.97,107.85,,7.12
1973-05-31,4.9,104.95,102.64,,7.84
1973-06-30,4.9,104.26,100.98,,8.49
1973-07-31,4.8,108.22,108.64,,10.4
1973-08-31,4.8,104.25,104.87,,10.5
1973-09-30,4.8,108.43,111.2,,10.78
1973-10-31,4.6,108.29,110.17,,10.01
1973-11-30,4.8,95.96,93.51,,10.03
1973-12-31,4.9,97.55,92.19,,9.95
1974-01-31,5.1,96.57,94.93,,9.65
1974-02-28,5.2,96.22,94.35,,8.97
1974-03-31,5.1,93.98,92.27,,9.35
1974-04-30,5.1,90.31,86.86,,10.51
1974-05-31,5.1,87.28,80.2,,11.31
1974-06-30,5.4,86.0,75.96,,11.93
1974-07-31,5.5,79.31,69.99,,12.92
1974-08-31,5.5,72.15,62.37,,12.01
1974-09-30,5.9,63.54,55.67,,11.34
1974-10-31,6.0,73.9,65.23,,10.06
1974-11-30,6.6,69.97,62.95,,9.45
1974-12-31,7.2,68.56,59.82,,8.53
1975-01-31,8.1,76.98,69.78,,7.13
1975-02-28,8.1,81.59,73.0,,6.24
1975-03-31,8.6,83.36,75.66,,5.54
1975-04-30,8.8,87.3,78.54,,5.49
1975-05-31,9.0,91.15,83.1,,5.22
1975-06-30,8.8,95.19,87.02,,5.55
1975-07-31,8.6,88.75,83.19,,6.1
1975-08-31,8.4,86.88,79.01,,6.14
1975-09-30,8.4,83.87,74.33,,6.24
1975-10-31,8.4,89.04,76.99,,5.82
1975-11-30,8.3,91.24,78.8,,5.22
1975-12-31,8.2,90.19,77.62,,5.2
1976-01-31,7.9,100.86,87.05,,4.87
1976-02-29,7.7,99.71,90.26,,4.77
1976-03-31,7.6,102.77,90.62,,4.84
1976-04-30,7.7,101.64,90.08,,4.82
1976-05-31,7.4,100.18,88.04,,5.29
1976-06-30,7.6,104.28,90.32,,5.48
1976-07-31,7.8,103.44,91.29,,5.31
1976-08-31,7.8,102.91,89.7,,5.29
1976-09-30,7.6,105.24,91.26,,5.25
1976-10-31,7.7,102.9,90.35,,5.02
1976-11-30,7.8,102.1,91.12,,4.95
1976-12-31,7.8,107.46,97.88,,4.65
1977-01-31,7.5,102.03,95.54,,4.61
1977-02-28,7.6,99.82,94.57,,4.68
1977-03-31,7.4,98.42,94.13,,4.69
1977-04-30,7.2,98.44,95.48,,4.73
1977-05-31,7.0,96.12,95.59,,5.35
1977-06-30,7.2,100.48,99.73,,5.39
1977-07-31,6.9,98.85,100.65,,5.42
1977-08-31,7.0,96.77,100.1,,5.9
1977-09-30,6.8,96.53,100.85,,6.14
1977-10-31,6.8,92.34,97.52,,6.47
1977-11-30,6.8,94.83,103.15,,6.51
1977-12-31,6.4,95.1,105.05,,6.56
1978-01-31,6.4,89.25,100.84,,6.7
1978-02-28,6.3,87.04,101.47,,6.78
1978-03-31,6.3,89.21,106.2,,6.79
1978-04-30,6.1,96.83,115.18,,6.89
1978-05-31,6.0,97.24,120.24,,7.36
1978-06-30,5.9,95.53,120.3,,7.6
1978-07-31,6.2,100.68,126.32,,7.81
1978-08-31,5.9,103.29,135.01,,8.04
1978-09-30,6.0,102.54,132.89,,8.45
1978-10-31,5.8,93.15,111.12,,8.96
1978-11-30,5.9,94.7,114.69,,9.76
1978-12-31,6.0,96.11,117.98,,10.03
1979-01-31,5.9,99.93,125.82,,10.07
1979-02-28,5.9,96.28,122.56,,10.06
1979-03-31,5.8,101.59,131.76,,10.09
1979-04-30,5.8,101.76,133.82,,10.01
1979-05-31,5.6,99.08,131.42,,10.24
1979-06-30,5.7,102.91,138.13,,10.29
1979-07-31,5.7,103.81,141.33,,10.47
1979-08-31,6.0,109.32,150.44,,10.94
1979-09-30,5.9,109.32,149.98,,11.43
1979-10-31,6.0,101.82,135.53,,13.77
1979-11-30,5.9,106.16,144.26,,13.18
1979-12-31,6.0,107.94,151.14,,13.78
1980-01-31,6.3,114.16,161.75,,13.82
1980-02-29,6.3,113.66,158.03,,14.13
1980-03-31,6.3,102.09,131.0,,17.19
1980-04-30,6.9,106.29,139.99,,17.61
1980-05-31,7.5,111.24,150.45,,10.98
1980-06-30,7.6,114.24,157.78,,9.47
1980-07-31,7.8,121.67,171.81,,9.03
1980-08-31,7.7,122.38,181.52,,9.61
1980-09-30,7.5,125.46,187.76,,10.87
1980-10-31,7.5,127.47,192.78,,12.81
1980-11-30,7.5,140.52,208.15,,15.85
1980-12-31,7.2,135.76,202.34,,18.9
1981-01-31,7.5,129.55,197.81,,19.08
1981-02-28,7.4,131.27,198.01,,15.93
1981-03-31,7.4,136.0,210.18,,14.7
1981-04-30,7.2,132.81,216.74,,15.72
1981-05-31,7.5,132.59,223.47,,18.52
1981-06-30,7.5,131.21,215.75,,19.1
1981-07-31,7.2,130.92,211.63,,19.04
1981-08-31,7.4,122.79,195.75,,17.82
1981-09-30,7.6,116.18,180.03,,15.87
1981-10-31,7.9,121.89,195.24,,15.08
1981-11-30,8.3,126.35,201.37,,13.31
1981-12-31,8.5,122.55,195.84,,12.37
1982-01-31,8.6,120.4,188.39,,13.22
1982-02-28,8.9,113.11,179.43,,14.78
1982-03-31,9.0,111.96,175.65,,14.68
1982-04-30,9.3,116.44,184.7,,14.94
1982-05-31,9.4,111.88,178.54,,14.45
1982-06-30,9.6,109.61,171.3,,14.15
1982-07-31,9.8,107.09,167.35,,12.59
1982-08-31,9.8,119.51,177.71,,10.12
1982-09-30,10.1,120.42,187.65,,10.31
1982-10-31,10.4,133.72,212.63,,9.71
1982-11-30,10.8,138.53,232.31,,9.2
1982-12-31,10.8,140.64,232.41,,8.95
1983-01-31,10.4,145.3,248.35,,8.68
1983-02-28,10.4,148.06,260.67,,8.51
1983-03-31,10.3,152.96,270.8,,8.77
1983-04-30,10.2,164.43,293.06,,8.8
1983-05-31,10.1,162.39,308.73,,8.63
1983-06-30,10.1,167.64,318.7,,8.98
1983-07-31,9.4,162.56,303.96,,9.37
1983-08-31,9.5,164.4,292.42,,9.56
1983-09-30,9.2,166.07,296.65,,9.45
1983-10-31,8.8,163.55,274.55,,9.48
1983-11-30,8.5,166.4,285.67,,9.34
1983-12-31,8.3,164.93,278.6,,9.47
1984-01-31,8.0,163.41,268.43,,9.56
1984-02-29,7.8,157.06,252.57,,9.59
1984-03-31,7.8,159.18,250.78,,9.91
1984-04-30,7.7,160.05,247.44,,10.29
1984-05-31,7.4,150.55,232.82,,10.32
1984-06-30,7.2,153.18,239.65,,11.06
1984-07-31,7.5,150.66,229.7,,11.23
1984-08-31,7.5,166.68,254.64,,11.64
1984-09-30,7.3,166.1,249.94,,11.3
1984-10-31,7.4,166.09,247.0,,9.99
1984-11-30,7.2,163.58,242.4,,9.43
1984-12-31,7.3,167.24,247.1,,8.38
1985-01-31,7.3,179.63,278.7,,8.35
1985-02-28,7.2,181.18,284.2,,8.5
1985-03-31,7.2,180.66,279.2,,8.58
1985-04-30,7.3,179.83,280.6,,8.27
1985-05-31,7.2,189.55,290.8,,7.97
1985-06-30,7.4,191.85,296.2,,7.53
1985-07-31,7.4,190.92,301.3,,7.88
1985-08-31,7.1,188.63,297.7,,7.9
1985-09-30,7.1,182.08,280.3,,7.92
1985-10-31,7.1,189.82,292.5,,7.99
1985-11-30,7.0,202.17,314.0,,8.05
1985-12-31,7.0,211.28,324.9,,8.27
1986-01-31,6.7,211.78,335.8,,8.14
1986-02-28,7.2,226.92,359.5,,7.86
1986-03-31,7.2,238.9,374.7,,7.48
1986-04-30,7.1,235.52,383.2,,6.99
1986-05-31,7.2,247.35,400.2,,6.85
1986-06-30,7.2,250.84,405.5,,6.92
1986-07-31,7.0,236.12,371.4,,6.56
1986-08-31,6.9,252.93,382.9,,6.17
1986-09-30,7.0,231.32,350.7,,5.89
1986-10-31,7.0,243.98,360.8,,5.85
1986-11-30,6.9,249.22,359.6,,6.04
1986-12-31,6.6,242.17,348.8,,6.91
1987-01-31,6.6,274.08,392.1,,6.43
1987-02-28,6.6,284.2,425.0,,6.1
1987-03-31,6.6,291.7,430.1,,6.13
1987-04-30,6.3,288.36,417.8,,6.37
1987-05-31,6.3,290.1,416.5,,6.85
1987-06-30,6.2,304.0,424.7,,6.73
1987-07-31,6.1,318.66,434.9,,6.58
1987-08-31,6.0,329.8,455.0,,6.73
1987-09-30,5.9,321.83,444.3,,7.22
1987-10-31,6.0,251.79,323.3,,7.29
1987-11-30,5.8,230.3,305.2,,6.69
1987-12-31,5.7,247.08,330.5,,6.77
1988-01-31,5.7,257.07,344.7,,6.83
1988-02-29,5.7,267.82,367.0,,6.58
1988-03-31,5.7,258.89,374.6,,6.58
1988-04-30,5.4,261.33,379.2,,6.87
1988-05-31,5.6,262.16,370.3,,7.09
1988-06-30,5.4,273.5,394.7,,7.51
1988-07-31,5.4,272.02,387.3,,7.75
1988-08-31,5.6,261.52,376.6,,8.01
1988-09-30,5.4,271.91,387.7,,8.19
1988-10-31,5.4,278.97,382.5,,8.3
1988-11-30,5.3,273.7,371.5,,8.35
1988-12-31,5.3,277.72,381.4,,8.76
1989-01-31,5.4,297.47,401.3,,9.12
1989-02-28,5.2,288.86,399.7,,9.36
1989-03-31,5.0,294.87,406.7,,9.85
1989-04-30,5.2,309.64,427.6,,9.84
1989-05-31,5.2,320.52,446.2,,9.81
1989-06-30,5.3,317.98,435.3,,9.53
1989-07-31,5.2,346.08,453.8,,9.24
1989-08-31,5.2,351.45,469.3,,8.99
1989-09-30,5.3,349.15,472.9,,9.02
1989-10-31,5.3,340.36,455.6,,8.84
1989-11-30,5.4,345.99,456.1,,8.55
1989-12-31,5.4,353.4,454.8,,8.45
1990-01-31,5.4,329.08,415.8,,8.23
1990-02-28,5.3,331.89,425.8,,8.24
1990-03-31,5.2,339.94,435.5,,8.28
1990-04-30,5.4,330.8,420.1,,8.26
1990-05-31,5.4,361.23,459.0,,8.18
1990-06-30,5.2,358.02,462.3,,8.29
1990-07-31,5.5,356.15,438.2,,8.15
1990-08-31,5.7,322.56,381.2,,8.13
1990-09-30,5.9,306.05,344.5,,8.2
1990-10-31,5.9,304.0,329.8,,8.11
1990-11-30,6.2,322.22,359.1,,7.81
1990-12-31,6.3,330.22,373.8,,7.31
1991-01-31,6.4,343.93,414.2,,6.91
1991-02-28,6.6,367.07,453.1,,6.25
1991-03-31,6.8,375.22,482.3,,6.12
1991-04-30,6.7,375.34,484.72,,5.91
1991-05-31,6.9,389.83,506.11,,5.78
1991-06-30,6.9,371.16,475.92,,5.9
1991-07-31,6.8,387.81,502.04,,5.82
1991-08-31,6.9,395.43,525.68,,5.66
1991-09-30,6.9,387.86,526.88,,5.45
1991-10-31,7.0,392.45,542.98,,5.21
1991-11-30,7.0,375.22,523.9,,4.81
1991-12-31,7.3,417.09,586.34,,4.43
1992-01-31,7.3,408.78,620.21,3223.4,4.03
1992-02-29,7.4,412.7,633.47,3267.7,4.06
1992-03-31,7.4,403.69,603.77,3235.5,3.98
1992-04-30,7.4,414.95,578.68,3359.1,3.73
1992-05-31,7.6,415.35,585.31,3396.9,3.82
1992-06-30,7.8,408.14,563.6,3318.5,3.76
1992-07-31,7.7,424.21,580.83,3393.8,3.25
1992-08-31,7.6,414.03,563.12,3257.4,3.3
1992-09-30,7.6,417.8,583.27,3271.7,3.22
1992-10-31,7.3,418.68,605.17,3226.3,3.1
1992-11-30,7.4,431.35,652.73,3305.2,3.09
1992-12-31,7.4,435.71,676.95,3301.11,2.92
1993-01-31,7.3,438.78,696.34,3310.0,3.02
1993-02-28,7.1,443.38,670.77,3370.81,3.03
1993-03-31,7.0,451.67,690.13,3435.11,3.07
1993-04-30,7.1,440.19,661.42,3427.55,2.96
1993-05-31,7.1,450.19,700.53,3527.43,3.0
1993-06-30,7.0,450.53,703.95,3516.08,3.04
1993-07-31,6.9,448.13,704.7,3539.47,3.06
1993-08-31,6.8,463.56,742.84,3651.25,3.03
1993-09-30,6.7,458.93,762.78,3555.12,3.09
1993-10-31,6.8,467.83,779.26,3680.59,2.99
1993-11-30,6.6,461.79,754.39,3683.95,3.02
1993-12-31,6.5,466.45,776.8,3754.09,2.96
1994-01-31,6.6,481.61,800.47,3978.36,3.05
1994-02-28,6.6,467.14,792.5,3832.02,3.25
1994-03-31,6.5,445.77,743.46,3635.96,3.34
1994-04-30,6.4,450.91,733.84,3681.69,3.56
1994-05-31,6.1,456.5,735.19,3758.37,4.01
1994-06-30,6.1,444.27,705.96,3624.96,4.25
1994-07-31,6.1,458.26,722.16,3764.5,4.26
1994-08-31,6.0,475.49,765.62,3913.42,4.47
1994-09-30,5.9,462.71,764.29,3843.19,4.73
1994-10-31,5.8,472.35,777.49,3908.12,4.76
1994-11-30,5.6,453.69,750.32,3739.23,5.29
1994-12-31,5.5,459.27,751.96,3834.44,5.45
1995-01-31,5.6,470.42,755.2,3843.86,5.53
1995-02-28,5.4,487.39,793.73,4011.05,5.92
1995-03-31,5.4,500.71,817.21,4157.69,5.98
1995-04-30,5.8,514.71,843.98,4321.27,6.05
1995-05-31,5.6,533.4,864.58,4465.14,6.01
1995-06-30,5.6,544.75,933.45,4556.1,6.0
1995-07-31,5.7,562.06,1001.21,4708.47,5.85
1995-08-31,5.7,561.88,1020.11,4610.56,5.74
1995-09-30,5.6,584.41,1043.54,4789.08,5.8
1995-10-31,5.5,581.5,1036.06,4755.48,5.76
1995-11-30,5.6,605.37,1059.2,5074.49,5.8
1995-12-31,5.6,615.93,1052.13,5117.12,5.6
1996-01-31,5.6,636.02,1059.79,5395.3,5.56
1996-02-29,5.5,640.43,1100.05,5485.62,5.22
1996-03-31,5.5,645.5,1101.4,5587.14,5.31
1996-04-30,5.6,654.17,1190.52,5569.08,5.22
1996-05-31,5.6,669.12,1243.43,5643.18,5.24
1996-06-30,5.3,670.63,1185.02,5654.63,5.27
1996-07-31,5.5,639.95,1080.59,5528.91,5.4
1996-08-31,5.1,651.99,1141.5,5616.21,5.22
1996-09-30,5.2,687.33,1226.92,5882.17,5.3
1996-10-31,5.2,705.27,1221.51,6029.38,5.24
1996-11-30,5.4,757.02,1292.61,6521.7,5.31
1996-12-31,5.4,740.74,1291.03,6448.27,5.29
1997-01-31,5.3,786.16,1379.85,6813.09,5.25
1997-02-28,5.2,790.82,1309.0,6877.74,5.19
1997-03-31,5.2,757.12,1221.7,6583.48,5.39
1997-04-30,5.1,801.34,1260.76,7009.0,5.51
1997-05-31,4.9,848.28,1400.32,7331.0,5.5
1997-06-30,5.0,885.14,1442.07,7672.8,5.56
1997-07-31,4.9,954.31,1593.81,8222.6,5.52
1997-08-31,4.8,899.47,1587.32,7622.4,5.54
1997-09-30,4.9,947.28,1685.69,7945.3,5.54
1997-10-31,4.7,914.62,1593.61,7442.1,5.5
1997-11-30,4.6,955.4,1600.55,7823.1,5.52
1997-12-31,4.7,970.43,1570.35,7908.3,5.5
1998-01-31,4.6,980.28,1619.36,7906.5,5.56
1998-02-28,4.6,1049.34,1770.51,8545.72,5.51
1998-03-31,4.7,1101.75,1835.68,8799.81,5.49
1998-04-30,4.3,1111.75,1868.41,9063.37,5.45
1998-05-31,4.4,1090.82,1778.87,8899.95,5.49
1998-06-30,4.5,1133.84,1894.74,8952.02,5.56
1998-07-31,4.5,1120.67,1872.39,8883.29,5.54
1998-08-31,4.5,957.28,1499.25,7539.07,5.55
1998-09-30,4.6,1017.01,1693.84,7842.62,5.51
1998-10-31,4.5,1098.67,1771.39,8592.1,5.07
1998-11-30,4.4,1163.63,1949.54,9116.55,4.83
1998-12-31,4.4,1229.23,2192.69,9181.43,4.68
1999-01-31,4.3,1279.64,2505.89,9358.83,4.63
1999-02-28,4.4,1238.33,2288.03,9306.58,4.76
1999-03-31,4.2,1286.37,2461.4,9786.16,4.81
1999-04-30,4.3,1335.18,2542.86,10789.04,4.74
1999-05-31,4.2,1301.84,2470.52,10559.74,4.74
1999-06-30,4.3,1372.71,2686.12,10970.8,4.76
1999-07-31,4.3,1328.72,2638.49,10655.15,4.99
1999-08-31,4.2,1320.41,2739.35,10829.28,5.07
1999-09-30,4.2,1282.71,2746.16,10336.95,5.22
1999-10-31,4.1,1362.93,2966.43,10729.86,5.2
1999-11-30,4.1,1388.91,3336.16,10877.81,5.42
1999-12-31,4.0,1469.25,4069.31,11497.12,5.3
2000-01-31,4.0,1394.46,3940.35,10940.53,5.45
2000-02-29,4.1,1366.42,4696.69,10128.31,5.73
2000-03-31,4.0,1498.58,4572.83,10921.92,5.85
2000-04-30,3.8,1452.43,3860.66,10733.91,6.02
2000-05-31,4.0,1420.6,3400.91,10522.33,6.27
2000-06-30,4.0,1454.6,3966.11,10447.89,6.53
2000-07-31,4.0,1430.83,3766.99,10521.98,6.54
2000-08-31,4.1,1517.68,4206.35,11215.1,6.5
2000-09-30,3.9,1436.51,3672.82,10650.92,6.52
2000-10-31,3.9,1429.4,3369.63,10971.14,6.51
2000-11-30,3.9,1314.95,2597.93,10414.49,6.51
2000-12-31,3.9,1320.28,2470.52,10787.99,6.4
2001-01-31,4.2,1366.01,2772.73,10887.36,5.98
2001-02-28,4.2,1239.94,2151.83,10495.28,5.49
2001-03-31,4.3,1160.33,1840.26,9878.78,5.31
2001-04-30,4.4,1249.46,2116.24,10734.97,4.8
2001-05-31,4.3,1255.82,2110.49,10911.94,4.21
2001-06-30,4.5,1224.38,2160.54,10502.4,3.97
2001-07-31,4.6,1211.23,2027.13,10522.81,3.77
2001-08-31,4.9,1133.58,1805.43,9949.75,3.65
2001-09-30,5.0,1040.94,1498.8,8847.56,3.07
2001-10-31,5.3,1059.78,1690.2,9075.14,2.49
2001-11-30,5.5,1139.45,1930.58,9851.56,2.09
2001-12-31,5.7,1148.08,1950.4,10021.57,1.82
2002-01-31,5.7,1130.2,1934.03,9920.0,1.73
2002-02-28,5.7,1106.73,1731.49,10106.13,1.74
2002-03-31,5.7,1147.39,1845.35,10403.94,1.73
2002-04-30,5.9,1076.92,1688.23,9946.22,1.75
2002-05-31,5.8,1067.14,1615.73,9925.25,1.75
2002-06-30,5.8,989.82,1463.21,9243.26,1.75
2002-07-31,5.8,911.62,1328.26,8736.59,1.73
2002-08-31,5.7,916.07,1314.85,8663.5,1.74
2002-09-30,5.7,815.28,1172.06,7591.93,1.75
2002-10-31,5.7,885.76,1329.75,8397.03,1.75
2002-11-30,5.9,936.31,1478.78,8896.09,1.34
2002-12-31,6.0,879.82,1335.51,8341.63,1.24
2003-01-31,5.8,855.7,1320.91,8053.81,1.24
2003-02-28,5.9,841.15,1337.52,7891.08,1.26
2003-03-31,5.9,848.18,1341.17,7992.13,1.25
2003-04-30,6.0,916.92,1464.31,8480.09,1.26
2003-05-31,6.1,963.59,1595.91,8850.26,1.26
2003-06-30,6.3,974.5,1622.8,8985.44,1.22
2003-07-31,6.2,990.31,1735.02,9233.8,1.01
2003-08-31,6.1,1008.01,1810.45,9415.82,1.03
2003-09-30,6.1,995.97,1786.94,9275.06,1.01
2003-10-31,6.0,1050.71,1932.21,9801.12,1.01
2003-11-30,5.8,1058.2,1960.26,9782.46,1.0
2003-12-31,5.7,1111.92,2003.37,10453.92,0.98
2004-01-31,5.7,1131.13,2066.15,10488.07,1.0
2004-02-29,5.6,1144.94,2029.82,10583.92,1.01
2004-03-31,5.8,1126.21,1994.22,10357.7,1.0
2004-04-30,5.6,1107.3,1920.15,10225.57,1.0
2004-05-31,5.6,1120.68,1986.74,10188.45,1.0
2004-06-30,5.6,1140.84,2047.79,10435.48,1.03
2004-07-31,5.5,1101.72,1887.36,10139.71,1.26
2004-08-31,5.4,1104.24,1838.1,10173.92,1.43
2004-09-30,5.4,1114.58,1896.84,10080.27,1.61
2004-10-31,5.5,1130.2,1974.99,10027.47,1.76
2004-11-30,5.4,1173.82,2096.81,10428.02,1.93
2004-12-31,5.4,1211.92,2175.44,10783.01,2.16
2005-01-31,5.3,1181.27,2062.41,10489.94,2.28
2005-02-28,5.4,1203.6,2051.72,10766.23,2.5
2005-03-31,5.2,1180.59,1999.23,10503.76,2.63
2005-04-30,5.2,1156.85,1921.65,10192.51,2.79
2005-05-31,5.1,1191.5,2068.22,10467.48,3.0
2005-06-30,5.0,1191.33,2056.96,10274.97,3.04
2005-07-31,5.0,1234.18,2184.83,10640.91,3.26
2005-08-31,4.9,1220.33,2152.09,10481.6,3.5
2005-09-30,5.0,1228.81,2151.69,10568.7,3.62
2005-10-31,5.0,1207.01,2120.3,10440.07,3.78
2005-11-30,5.0,1249.48,2232.82,10805.87,4.0
2005-12-31,4.9,1248.29,2205.32,10717.5,4.16
2006-01-31,4.7,1280.08,2305.82,10864.86,4.29
2006-02-28,4.8,1280.66,2281.39,10993.41,4.49
2006-03-31,4.7,1294.87,2339.79,11109.32,4.59
2006-04-30,4.7,1310.61,2322.57,11367.14,4.79
2006-05-31,4.6,1270.09,2178.88,11168.31,4.94
2006-06-30,4.6,1270.2,2172.09,11150.22,4.99
2006-07-31,4.7,1276.66,2091.47,11185.68,5.24
2006-08-31,4.7,1303.82,2183.75,11381.15,5.25
2006-09-30,4.5,1335.85,2258.43,11679.07,5.25
2006-10-31,4.4,1377.94,2366.71,12080.73,5.25
2006-11-30,4.5,1400.63,2431.77,12221.93,5.25
2006-12-31,4.4,1418.3,2415.29,12463.15,5.24
2007-01-31,4.6,1438.24,2463.93,12621.69,5.25
2007-02-28,4.5,1406.82,2416.15,12268.63,5.26
2007-03-31,4.4,1420.86,2421.64,12354.35,5.26
2007-04-30,4.5,1482.37,2525.09,13062.91,5.25
2007-05-31,4.4,1530.62,2604.52,13627.64,5.25
2007-06-30,4.6,1503.35,2603.23,13408.62,5.25
2007-07-31,4.7,1455.27,2546.27,13211.99,5.26
2007-08-31,4.6,1473.99,2596.36,13357.74,5.02
2007-09-30,4.7,1526.75,2701.5,13895.63,4.94
2007-10-31,4.7,1549.38,2859.12,13930.01,4.76
2007-11-30,4.7,1481.14,2660.96,13371.72,4.49
2007-12-31,5.0,1468.36,2652.28,13264.82,4.24
2008-01-31,5.0,1378.55,2389.86,12650.36,3.94
2008-02-29,4.9,1330.63,2271.48,12266.39,2.98
2008-03-31,5.1,1322.7,2279.1,12262.89,2.61
2008-04-30,5.0,1385.59,2412.8,12820.13,2.28
2008-05-31,5.4,1400.38,2522.66,12638.32,1.98
2008-06-30,5.6,1280.0,2292.98,11350.01,2.0
2008-07-31,5.8,1267.38,2325.55,11378.02,2.01
2008-08-31,6.1,1282.83,2367.52,11543.96,2.0
2008-09-30,6.1,1166.36,2091.88,10850.66,1.81
2008-10-31,6.5,968.75,1720.95,9325.01,0.97
2008-11-30,6.8,896.24,1535.57,8829.04,0.39
2008-12-31,7.3,903.25,1577.03,8776.39,0.16
2009-01-31,7.8,825.88,1476.42,8000.86,0.15
2009-02-28,8.3,735.09,1377.84,7062.93,0.22
2009-03-31,8.7,797.87,1528.59,7608.92,0.18
2009-04-30,9.0,872.81,1717.3,8168.12,0.15
2009-05-31,9.4,919.14,1774.33,8500.33,0.18
2009-06-30,9.5,919.32,1835.04,8447.0,0.21
2009-07-31,9.5,987.48,1978.5,9171.61,0.16
2009-08-31,9.6,1020.62,2009.06,9496.28,0.16
2009-09-30,9.8,1057.08,2122.42,9712.28,0.15
2009-10-31,10.0,1036.19,2045.11,9712.73,0.12
2009-11-30,9.9,1095.63,2144.6,10344.84,0.12
2009-12-31,9.9,1115.1,2269.15,10428.05,0.12
2010-01-31,9.8,1073.87,2147.35,10067.33,0.11
2010-02-28,9.8,1104.49,2238.26,10325.26,0.13
2010-03-31,9.9,1169.43,2397.96,10856.63,0.16
2010-04-30,9.9,1186.69,2461.19,11008.61,0.2
2010-05-31,9.6,1089.41,2257.04,10136.63,0.2
2010-06-30,9.4,1030.71,2109.24,9774.02,0.18
2010-07-31,9.4,1101.6,2254.7,10465.94,0.18
2010-08-31,9.5,1049.33,2114.03,10014.72,0.19
2010-09-30,9.5,1141.2,2368.62,10788.05,0.19
2010-10-31,9.4,1183.26,2507.41,11118.49,0.19
2010-11-30,9.8,1180.55,2498.23,11006.02,0.19
2010-12-31,9.3,1257.64,2652.87,11577.51,0.18
2011-01-31,9.1,1286.12,2700.08,11891.93,0.17
2011-02-28,9.0,1327.22,2782.27,12226.34,0.16
2011-03-31,9.0,1325.83,2781.07,12319.73,0.14
2011-04-30,9.1,1363.61,2873.54,12810.54,0.1
2011-05-31,9.0,1345.2,2835.3,12569.79,0.09
2011-06-30,9.1,1320.64,2773.52,12414.34,0.09
2011-07-31,9.0,1292.28,2756.38,12143.24,0.07
2011-08-31,9.0,1218.89,2579.46,11613.53,0.1
2011-09-30,9.0,1131.42,2415.4,10913.38,0.08
2011-10-31,8.8,1253.3,2684.41,11955.01,0.07
2011-11-30,8.6,1246.96,2620.34,12045.68,0.08
2011-12-31,8.5,1257.6,2605.15,12217.56,0.07
2012-01-31,8.3,1312.41,2813.84,12632.91,0.08
2012-02-29,8.3,1365.68,2966.89,12952.07,0.1
2012-03-31,8.2,1408.47,3091.57,13212.04,0.13
2012-04-30,8.2,1397.91,3046.36,13213.63,0.14
2012-05-31,8.2,1310.33,2827.34,12393.45,0.16
2012-06-30,8.2,1362.16,2935.05,12880.09,0.16
2012-07-31,8.2,1379.32,2939.52,13008.68,0.16
2012-08-31,8.1,1406.58,3066.96,13090.84,0.13
2012-09-30,7.8,1440.67,3116.23,13437.13,0.14
2012-10-31,7.8,1412.16,2977.23,13096.46,0.16
2012-11-30,7.7,1416.18,3010.24,13025.58,0.16
2012-12-31,7.9,1426.19,3019.51,13104.14,0.16
2013-01-31,8.0,1498.11,3142.13,13860.58,0.14
2013-02-28,7.7,1514.68,3160.19,14054.49,0.15
2013-03-31,7.5,1569.19,3267.52,14578.54,0.14
2013-04-30,7.6,1597.57,3328.79,14839.8,0.15
2013-05-31,7.5,1630.74,3455.91,15115.57,0.11
2013-06-30,7.5,1606.28,3403.25,14909.6,0.09
2013-07-31,7.3,1685.73,3626.37,15499.54,0.09
2013-08-31,7.2,1632.97,3589.87,14810.31,0.08
2013-09-30,7.2,1681.55,3771.48,15129.67,0.08
2013-10-31,7.2,1756.54,3919.71,15545.75,0.09
2013-11-30,6.9,1805.81,4059.89,16086.41,0.08
2013-12-31,6.7,1848.36,4176.59,16576.66,0.09
2014-01-31,6.6,1782.59,4103.88,15698.85,0.07
2014-02-28,6.7,1859.45,4308.12,16321.71,0.07
2014-03-31,6.7,1872.34,4198.99,16457.66,0.08
2014-04-30,6.2,1883.95,4114.56,16580.84,0.09
2014-05-31,6.3,1923.57,4242.62,16717.17,0.09
2014-06-30,6.1,1960.23,4408.18,16826.6,0.1
2014-07-31,6.2,1930.67,4369.77,16563.3,0.09
2014-08-31,6.1,2003.37,4580.27,17098.45,0.09
2014-09-30,5.9,1972.29,4493.39,17042.9,0.09
2014-10-31,5.7,2018.05,4630.74,17390.52,0.09
2014-11-30,5.8,2067.56,4791.63,17828.24,0.09
2014-12-31,5.6,2058.9,4736.05,17823.07,0.12
2015-01-31,5.7,1994.99,4635.24,17164.95,0.11
2015-02-28,5.5,2104.5,4963.53,18132.7,0.11
2015-03-31,5.4,2067.89,4900.88,17776.12,0.11
2015-04-30,5.4,2085.51,4941.42,17840.52,0.12
2015-05-31,5.6,2107.39,5070.03,18010.68,0.12
2015-06-30,5.3,2063.11,4986.87,17619.51,0.13
2015-07-31,5.2,2103.84,5128.28,17689.86,0.13
2015-08-31,5.1,1972.18,4776.51,16528.03,0.14
2015-09-30,5.0,1920.03,4620.16,16284.7,0.14
2015-10-31,5.0,2079.36,5053.75,17663.54,0.12
2015-11-30,5.1,2080.41,5108.67,17719.92,0.12
2015-12-31,5.0,2043.94,5007.41,17425.03,0.24
2016-01-31,4.8,1940.24,4613.95,16466.3,0.34
2016-02-29,4.9,1932.23,4557.95,16516.5,0.38
2016-03-31,5.0,2059.74,4869.85,17685.09,0.36
2016-04-30,5.1,2065.3,4775.36,17773.64,0.37
2016-05-31,4.8,2096.95,4948.05,17787.2,0.37
2016-06-30,4.9,2098.86,4842.67,17929.99,0.38
2016-07-31,4.8,2173.6,5162.13,18432.24,0.39
2016-08-31,4.9,2170.95,5213.22,18400.88,0.4
2016-09-30,5.0,2168.27,5312.0,18308.15,0.4
2016-10-31,4.9,2126.15,5189.14,18142.42,0.4
2016-11-30,4.7,2198.81,5323.68,19123.58,0.41
2016-12-31,4.7,2238.83,5383.12,19762.6,0.54
2017-01-31,4.7,2278.87,5614.79,19864.09,0.65
2017-02-28,4.6,2363.64,5825.44,20812.24,0.66
2017-03-31,4.4,2362.72,5911.74,20663.22,0.79
2017-04-30,4.4,2384.2,6047.61,20940.51,0.9
2017-05-31,4.4,2411.8,6198.52,21008.65,0.91
2017-06-30,4.3,2423.41,6140.42,21349.63,1.04
2017-07-31,4.3,2470.3,6348.12,21891.12,1.15
2017-08-31,4.4,2471.65,6428.66,21948.1,1.16
2017-09-30,4.3,2519.36,6495.96,22405.09,1.15
2017-10-31,4.2,2575.26,6727.67,23377.24,1.15
2017-11-30,4.2,2647.58,6873.97,24272.35,1.16
2017-12-31,4.1,2673.61,6903.39,24719.22,1.3
2018-01-31,4.0,2823.81,7411.48,26149.39,1.41
2018-02-28,4.1,2713.83,7273.01,25029.2,1.42
2018-03-31,4.0,2640.87,7063.45,24103.11,1.51
2018-04-30,4.0,2648.05,7066.27,24163.15,1.69
2018-05-31,3.8,2705.27,7442.12,24415.84,1.7
2018-06-30,4.0,2718.37,7510.3,24271.41,1.82
2018-07-31,3.8,2816.29,7671.79,25415.19,1.91
2018-08-31,3.8,2901.52,8109.54,25964.82,1.91
2018-09-30,3.7,2913.98,8046.35,26458.31,1.95
2018-10-31,3.8,2711.74,7305.9,25115.76,2.19
2018-11-30,3.8,2760.17,7330.54,25538.46,2.2
2018-12-31,3.9,2506.85,6635.28,23327.46,2.27
2019-01-31,4.0,2704.1,7281.74,24999.67,2.4
2019-02-28,3.8,2784.49,7532.53,25916.0,2.4
2019-03-31,3.8,2834.4,7729.32,25928.68,2.41
2019-04-30,3.7,2945.83,8095.39,26592.91,2.42
2019-05-31,3.6,2752.06,7453.15,24815.04,2.39
2019-06-30,3.6,2941.76,8006.24,26599.96,2.38
2019-07-31,3.7,2980.38,8175.42,26864.27,2.4
2019-08-31,3.6,2926.46,7962.88,26403.28,2.13
2019-09-30,3.5,2976.74,7999.34,26916.83,2.04
2019-10-31,3.6,3037.56,8292.36,27046.23,1.83
2019-11-30,3.6,3140.98,8665.47,28051.41,1.55
2019-12-31,3.6,3230.78,8972.6,28538.44,1.55
2020-01-31,3.6,3225.52,9150.94,28256.03,1.55
2020-02-29,3.5,2954.22,8567.37,25409.36,1.58
2020-03-31,4.4,2584.59,7700.1,21917.16,0.65
2020-04-30,14.8,2912.43,8889.55,24345.72,0.05
2020-05-31,13.2,3044.31,9489.87,25383.11,0.05
2020-06-30,11.0,3100.29,10058.77,25812.88,0.08
2020-07-31,10.2,3271.12,10745.27,26428.32,0.09
2020-08-31,8.4,3500.31,11775.46,28430.05,0.1
2020-09-30,7.8,3363.0,11167.51,27781.7,0.09
2020-10-31,6.9,3269.96,10911.59,26501.6,0.09
2020-11-30,6.7,3621.63,12198.74,29638.64,0.09
2020-12-31,6.7,3756.07,12888.28,30606.48,0.09
2021-01-31,6.4,3714.24,13070.69,29982.62,0.09
2021-02-28,6.2,3811.15,13192.35,30932.37,0.08
2021-03-31,6.1,3972.89,13246.87,32981.55,0.07
2021-04-30,6.1,4181.17,13962.68,33874.85,0.07
2021-05-31,5.8,4204.11,13748.74,34529.45,0.06
2021-06-30,5.9,4297.5,14503.95,34502.51,0.08
2021-07-31,5.4,4395.26,14672.68,34935.47,0.1
2021-08-31,5.1,4522.68,15259.24,35360.73,0.09
2021-09-30,4.7,4307.54,14448.58,33843.92,0.08
2021-10-31,4.5,4605.38,15498.39,35819.56,0.08
2021-11-30,4.2,4567.0,15537.69,34483.72,0.08
2021-12-31,3.9,4766.18,15644.97,36338.3,0.08
2022-01-31,4.0,4515.55,14239.88,35131.86,0.08
2022-02-28,3.8,4373.94,13751.4,33892.6,0.08
2022-03-31,3.7,4530.41,14220.52,34678.35,0.2
2022-04-30,3.7,4131.93,12334.64,32977.21,0.33
2022-05-31,3.6,4132.15,12081.39,32990.12,0.77
2022-06-30,3.6,3785.38,11028.74,30775.43,1.21
2022-07-31,3.5,4130.29,12390.69,32845.13,1.68
2022-08-31,3.6,3955.0,11816.2,31510.43,2.33
2022-09-30,3.5,3585.62,10575.62,28725.51,2.56
2022-10-31,3.6,3871.98,10988.15,32732.95,3.08
2022-11-30,3.6,4080.11,11468.0,34589.77,3.78
2022-12-31,3.5,3839.5,10466.48,33147.25,4.1
2023-01-31,3.5,4076.6,11584.55,34086.04,4.33
2023-02-28,3.6,3970.15,11455.54,32656.7,4.57
2023-03-31,3.5,4109.31,12221.91,33274.15,4.65
2023-04-30,3.4,4169.48,12226.58,34098.16,4.83
2023-05-31,3.6,4179.83,12935.29,32908.27,5.06
2023-06-30,3.6,4450.38,13787.92,34407.6,5.08
2023-07-31,3.5,4588.96,14346.02,35559.53,5.12
2023-08-31,3.7,4507.66,14034.97,34721.91,5.33
2023-09-30,3.8,4288.05,13219.32,33507.5,5.33
2023-10-31,3.9,4193.8,12851.24,33052.87,5.33
2023-11-30,3.7,4567.8,14226.22,35950.89,5.33
2023-12-31,3.8,4769.83,15011.35,37689.54,5.33
2024-01-31,3.7,4845.65,15164.01,38150.3,5.33
2024-02-29,3.9,5096.27,16091.92,38996.39,5.33
2024-03-31,3.9,5254.35,16379.46,39807.37,5.33
2024-04-30,3.9,5035.69,15657.82,37815.92,5.33
2024-05-31,4.0,5277.51,16735.02,38686.32,5.33
2024-06-30,4.1,5460.48,17732.6,39118.86,5.33
2024-07-31,4.2,5522.3,17599.4,40842.79,5.33
2024-08-31,4.2,5648.4,17713.62,41563.08,5.33
2024-09-30,4.1,5762.48,18189.17,42330.15,5.13
2024-10-31,4.1,5705.45,18095.15,41763.46,4.83
2024-11-30,4.2,6032.38,19218.17,44910.65,4.64
2024-12-31,4.1,5881.63,19310.79,42544.22,4.48
2025-01-31,4.0,6040.53,19627.44,44544.66,4.33
2025-02-28,4.1,5954.5,18847.28,43840.91,4.33
1929-01-31,,25.74,,,
1929-02-28,,25.59,,,
1929-03-31,,25.53,,,
1929-04-30,,25.94,,,
1929-05-31,,24.83,,,
1929-06-30,,27.41,,,
1929-07-31,,28.88,,,
1929-08-31,,31.71,,,
1929-09-30,,30.16,,,
1929-10-31,,24.15,,,
1929-11-30,,20.92,,,
1929-12-31,,21.45,,,
1930-01-31,,22.79,,,
1930-02-28,,23.28,,,
1930-03-31,,24.15,,,
1930-04-30,,24.9,,,
1930-05-31,,24.49,,,
1930-06-30,,20.46,,,
1930-07-31,,21.21,,,
1930-08-31,,21.37,,,
1930-09-30,,18.59,,,
1930-10-31,,16.94,,,
1930-11-30,,16.38,,,
1930-12-31,,15.34,,,
1931-01-31,,16.19,,,
1931-02-28,,18.03,,,
1931-03-31,,16.69,,,
1931-04-30,,15.09,,,
1931-05-31,,13.02,,,
1931-06-30,,14.83,,,
1931-07-31,,13.73,,,
1931-08-31,,13.86,,,
1931-09-30,,9.71,,,
1931-10-31,,10.43,,,
1931-11-30,,9.5,,,
1931-12-31,,8.12,,,
1932-01-31,,7.94,,,
1932-02-29,,8.29,,,
1932-03-31,,7.31,,,
1932-04-30,,5.83,,,
1932-05-31,,4.47,,,
1932-06-30,,4.43,,,
1932-07-31,,6.03,,,
1932-08-31,,8.39,,,
1932-09-30,,8.08,,,
1932-10-31,,6.96,,,
1932-11-30,,6.55,,,
1932-12-31,,6.92,,,
1933-01-31,,6.94,,,
1933-02-28,,5.66,,,
1933-03-31,,5.85,,,
1933-04-30,,7.83,,,
1933-05-31,,9.64,,,
1933-06-30,,10.91,,,
1933-07-31,,9.95,,,
1933-08-31,,11.09,,,
1933-09-30,,9.72,,,
1933-10-31,,8.96,,,
1933-11-30,,9.88,,,
1933-12-31,,9.97,,,
1934-01-31,,11.17,,,
1934-02-28,,10.76,,,
1934-03-31,,10.62,,,
1934-04-30,,10.46,,,
1934-05-31,,9.61,,,
1934-06-30,,9.81,,,
1934-07-31,,8.68,,,
1934-08-31,,9.15,,,
1934-09-30,,9.08,,,
1934-10-31,,8.81,,,
1934-11-30,,9.54,,,
1934-12-31,,9.5,,,
1935-01-31,,9.1,,,
1935-02-28,,8.74,,,
1935-03-31,,8.45,,,
1935-04-30,,9.28,,,
1935-05-31,,9.58,,,
1935-06-30,,10.24,,,
1935-07-31,,11.08,,,
1935-08-31,,11.24,,,
1935-09-30,,11.59,,,
1935-10-31,,12.46,,,
1935-11-30,,12.94,,,
1935-12-31,,13.43,,,
1936-01-31,,14.31,,,
1936-02-29,,14.6,,,
1936-03-31,,14.92,,,
1936-04-30,,13.77,,,
1936-05-31,,14.4,,,
1936-06-30,,14.84,,,
1936-07-31,,15.85,,,
1936-08-31,,15.99,,,
1936-09-30,,16.01,,,
1936-10-31,,17.23,,,
1936-11-30,,17.28,,,
1936-12-31,,17.18,,,
1937-01-31,,17.77,,,
1937-02-28,,18.06,,,
1937-03-31,,17.92,,,
1937-04-30,,16.43,,,
1937-05-31,,16.26,,,
1937-06-30,,15.4,,,
1937-07-31,,16.77,,,
1937-08-31,,16.04,,,
1937-09-30,,13.76,,,
1937-10-31,,12.35,,,
1937-11-30,,11.11,,,
1937-12-31,,10.55,,,
1938-01-31,,10.69,,,
1938-02-28,,11.34,,,
1938-03-31,,8.5,,,
1938-04-30,,9.78,,,
1938-05-31,,9.27,,,
1938-06-30,,11.56,,,
1938-07-31,,12.33,,,
1938-08-31,,12.06,,,
1938-09-30,,12.24,,,
1938-10-31,,13.17,,,
1938-11-30,,12.73,,,
1938-12-31,,13.14,,,
1939-01-31,,12.3,,,
1939-02-28,,12.7,,,
1939-03-31,,10.98,,,
1939-04-30,,10.93,,,
1939-05-31,,11.6,,,
1939-06-30,,10.86,,,
1939-07-31,,12.04,,,
1939-08-31,,11.18,,,
1939-09-30,,12.79,,,
1939-10-31,,12.83,,,
1939-11-30,,12.2,,,
1939-12-31,,12.46,,,
1940-01-31,,12.05,,,
1940-02-29,,12.13,,,
1940-03-31,,12.18,,,
1940-04-30,,12.19,,,
1940-05-31,,9.27,,,
1940-06-30,,9.98,,,
1940-07-31,,10.29,,,
1940-08-31,,10.5,,,
1940-09-30,,10.66,,,
1940-10-31,,11.08,,,
1940-11-30,,10.57,,,
1940-12-31,,10.58,,,
1941-01-31,,10.07,,,
1941-02-28,,9.92,,,
1941-03-31,,9.96,,,
1941-04-30,,9.31,,,
1941-05-31,,9.38,,,
1941-06-30,,9.85,,,
1941-07-31,,10.39,,,
1941-08-31,,10.28,,,
1941-09-30,,10.2,,,
1941-10-31,,9.5,,,
1941-11-30,,9.12,,,
1941-12-31,,8.69,,,
1942-01-31,,8.85,,,
1942-02-28,,8.59,,,
1942-03-31,,8.01,,,
1942-04-30,,7.66,,,
1942-05-31,,8.15,,,
1942-06-30,,8.3,,,
1942-07-31,,8.56,,,
1942-08-31,,8.62,,,
1942-09-30,,8.85,,,
1942-10-31,,9.36,,,
1942-11-30,,9.29,,,
1942-12-31,,9.77,,,
1943-01-31,,10.44,,,
1943-02-28,,10.97,,,
1943-03-31,,11.58,,,
1943-04-30,,11.59,,,
1943-05-31,,12.05,,,
1943-06-30,,12.35,,,
1943-07-31,,11.85,,,
1943-08-31,,11.8,,,
1943-09-30,,12.08,,,
1943-10-31,,11.91,,,
1943-11-30,,11.02,,,
1943-12-31,,11.67,,,
1944-01-31,,11.85,,,
1944-02-29,,11.82,,,
1944-03-31,,12.02,,,
1944-04-30,,11.87,,,
1944-05-31,,12.35,,,
1944-06-30,,12.98,,,
1944-07-31,,12.71,,,
1944-08-31,,12.82,,,
1944-09-30,,12.74,,,
1944-10-31,,12.78,,,
1944-11-30,,12.83,,,
1944-12-31,,13.28,,,
1945-01-31,,13.47,,,
1945-02-28,,14.3,,,
1945-03-31,,13.61,,,
1945-04-30,,14.84,,,
1945-05-31,,15.01,,,
1945-06-30,,14.87,,,
1945-07-31,,14.66,,,
1945-08-31,,15.51,,,
1945-09-30,,16.05,,,
1945-10-31,,16.65,,,
1945-11-30,,17.19,,,
1945-12-31,,17.36,,,
1946-01-31,,18.57,,,
1946-02-28,,17.28,,,
1946-03-31,,18.04,,,
1946-04-30,,18.76,,,
1946-05-31,,19.18,,,
1946-06-30,,18.43,,,
1946-07-31,,17.96,,,
1946-08-31,,16.65,,,
1946-09-30,,14.96,,,
1946-10-31,,14.84,,,
1946-11-30,,14.68,,,
1946-12-31,,15.3,,,
1947-01-31,,15.66,,,
1947-02-28,,15.43,,,
1947-03-31,,15.17,,,
1947-04-30,,14.58,,,
1947-05-31,,14.45,,,
1947-06-30,,15.21,,,
1947-07-31,,15.76,,,
1947-08-31,,15.32,,,
1947-09-30,,15.11,,,
1947-10-31,,15.43,,,
1947-11-30,,14.98,,,
1947-12-31,,15.3,,,
2025-03-31,,5611.85,17299.29,42001.76,
2025-04-30,,5360.11,16669.81,39560.01,
